{"cameraMode":{"drawMode":0,"name":"Shaded","section":"Shading Mode"},"sceneLighting":true,"audioPlay":false,"sceneViewState":{"showFog":true,"showMaterialUpdate":true,"showSkybox":true,"showFlares":true,"showImageEffects":true,"showParticleSystems":true},"in2DMode":false,"pivot":{"x":-0.9447166323661804,"y":2.5570154190063478,"z":-1.581676959991455},"rotation":{"x":0.17332792282104493,"y":-0.11875256150960922,"z":0.021053297445178033,"w":0.9774599671363831},"size":49.617305755615237,"orthographic":false}