{"cameraMode":{"drawMode":0,"name":"Shaded","section":"Shading Mode"},"sceneLighting":true,"audioPlay":false,"sceneViewState":{"showFog":true,"showMaterialUpdate":true,"showSkybox":true,"showFlares":true,"showImageEffects":true,"showParticleSystems":true},"in2DMode":false,"pivot":{"x":-0.4749571681022644,"y":1.3571946620941163,"z":-2.119472026824951},"rotation":{"x":0.2973504364490509,"y":-0.07950814813375473,"z":0.02485215850174427,"w":0.9511359333992004},"size":20.90048599243164,"orthographic":false}