{"cameraMode":{"drawMode":0,"name":"Shaded","section":"Shading Mode"},"sceneLighting":true,"audioPlay":false,"sceneViewState":{"showFog":true,"showMaterialUpdate":true,"showSkybox":true,"showFlares":true,"showImageEffects":true,"showParticleSystems":true},"in2DMode":false,"pivot":{"x":-1.8463757038116456,"y":-3.9728050231933595,"z":-1.0590038299560547},"rotation":{"x":0.44975242018699648,"y":0.007234169635921717,"z":-0.0036491290666162969,"w":0.8931261897087097},"size":26.345321655273439,"orthographic":false}